{"cameraMode":{"drawMode":0,"name":"Shaded","section":"Shading Mode"},"sceneLighting":true,"audioPlay":false,"sceneViewState":{"m_AlwaysRefresh":false,"showFog":true,"showSkybox":true,"showFlares":true,"showImageEffects":true,"showParticleSystems":true,"showVisualEffectGraphs":true,"m_FxEnabled":true},"in2DMode":false,"pivot":{"x":518.6056518554688,"y":474.5872802734375,"z":3.6042938232421877},"rotation":{"x":-0.10751321166753769,"y":0.10330037772655487,"z":-0.011231697164475918,"w":-0.9887611269950867},"size":26.057016372680665,"orthographic":false}